"Mod name","Registry name","Item ID","Display name","Durability","Tags"
"Minecraft","minecraft:bow",760,"Bow",384,"bookshelf:bows, dynamiccrosshair:ranged_weapons, c:tools, c:bows, companion:charged_ranged_weapon"
"Minecraft","minecraft:brush",1217,"Brush",64,"dynamiccrosshair:always_usable_on_block"
"Minecraft","minecraft:carrot_on_a_stick",733,"Carrot on a Stick",25,""
"Minecraft","minecraft:chainmail_boots",823,"Chainmail Boots",195,"c:armors, c:boots, bookshelf:boots, minecraft:trimmable_armor, supplementaries:ignite_flint_blocks, c:armor, bookshelf:armor"
"Minecraft","minecraft:chainmail_chestplate",821,"Chainmail Chestplate",240,"bookshelf:chestplates, c:chestplates, minecraft:trimmable_armor, bookshelf:armor, c:armor, c:armors"
"Minecraft","minecraft:chainmail_helmet",820,"Chainmail Helmet",165,"bookshelf:helmets, c:helmets, minecraft:trimmable_armor, bookshelf:armor, c:armor, c:armors"
"Minecraft","minecraft:chainmail_leggings",822,"Chainmail Leggings",225,"bookshelf:leggings, c:leggings, minecraft:trimmable_armor, bookshelf:armor, c:armor, c:armors"
"Minecraft","minecraft:crossbow",1143,"Crossbow",465,"dynamiccrosshair:ranged_weapons, bookshelf:crossbows, bookshelf:bows, companion:ranged_weapon, c:tools, c:bows, c:crossbows"
"Minecraft","minecraft:diamond_axe",800,"Diamond Axe",1561,"minecraft:breaks_decorated_pots, minecraft:tools, c:tools, minecraft:axes, dynamiccrosshair:tools, c:axes, spectral_seas:diamond_weapon"
"Minecraft","minecraft:diamond_boots",831,"Diamond Boots",429,"bookshelf:boots, c:boots, minecraft:trimmable_armor, bookshelf:armor, c:armor, c:armors"
"Minecraft","minecraft:diamond_chestplate",829,"Diamond Chestplate",528,"bookshelf:chestplates, c:chestplates, minecraft:trimmable_armor, bookshelf:armor, c:armor, c:armors"
"Minecraft","minecraft:diamond_helmet",828,"Diamond Helmet",363,"bookshelf:helmets, c:helmets, minecraft:trimmable_armor, bookshelf:armor, c:armor, c:armors"
"Minecraft","minecraft:diamond_hoe",801,"Diamond Hoe",1561,"c:tools, c:hoes, dynamiccrosshair:tools, minecraft:breaks_decorated_pots, minecraft:tools, minecraft:hoes"
"Minecraft","minecraft:diamond_leggings",830,"Diamond Leggings",495,"bookshelf:leggings, c:leggings, minecraft:trimmable_armor, bookshelf:armor, c:armor, c:armors"
"Minecraft","minecraft:diamond_pickaxe",799,"Diamond Pickaxe",1561,"minecraft:pickaxes, minecraft:breaks_decorated_pots, c:pickaxes, minecraft:tools, c:tools, minecraft:cluster_max_harvestables, dynamiccrosshair:tools"
"Minecraft","minecraft:diamond_shovel",798,"Diamond Shovel",1561,"c:tools, c:shovels, dynamiccrosshair:tools, minecraft:breaks_decorated_pots, minecraft:tools, minecraft:shovels"
"Minecraft","minecraft:diamond_sword",797,"Diamond Sword",1561,"minecraft:breaks_decorated_pots, minecraft:tools, dynamiccrosshair:melee_weapons, c:tools, minecraft:swords, spectral_seas:diamond_weapon, c:swords"
"Minecraft","minecraft:elytra",735,"Elytra",432,"dynamiccrosshair:usable, bookshelf:chestplates, c:chestplates, bookshelf:armor, c:armor, c:armors"
"Minecraft","minecraft:fishing_rod",891,"Fishing Rod",64,"dynamiccrosshair:ranged_weapons, c:fishing_rods, c:tools, bookshelf:fishing_rods"
"Minecraft","minecraft:flint_and_steel",758,"Flint and Steel",64,"supplementaries:fire_sources, realistic_cobwebs:burst_triggers, minecraft:creeper_igniters, dynamiccrosshair:tools"
"Minecraft","minecraft:golden_axe",790,"Golden Axe",32,"minecraft:breaks_decorated_pots, minecraft:piglin_loved, minecraft:tools, c:tools, minecraft:axes, dynamiccrosshair:tools, c:axes"
"Minecraft","minecraft:golden_boots",835,"Golden Boots",91,"c:armors, c:boots, minecraft:piglin_loved, bookshelf:boots, minecraft:trimmable_armor, c:armor, bookshelf:armor"
"Minecraft","minecraft:golden_chestplate",833,"Golden Chestplate",112,"c:armors, minecraft:piglin_loved, c:chestplates, bookshelf:chestplates, minecraft:trimmable_armor, c:armor, bookshelf:armor"
"Minecraft","minecraft:golden_helmet",832,"Golden Helmet",77,"bookshelf:helmets, c:armors, minecraft:piglin_loved, minecraft:trimmable_armor, c:armor, bookshelf:armor, c:helmets"
"Minecraft","minecraft:golden_hoe",791,"Golden Hoe",32,"minecraft:breaks_decorated_pots, minecraft:piglin_loved, minecraft:hoes, c:hoes, minecraft:tools, c:tools, dynamiccrosshair:tools"
"Minecraft","minecraft:golden_leggings",834,"Golden Leggings",105,"c:armors, minecraft:piglin_loved, minecraft:trimmable_armor, c:leggings, bookshelf:leggings, c:armor, bookshelf:armor"
"Minecraft","minecraft:golden_pickaxe",789,"Golden Pickaxe",32,"c:pickaxes, minecraft:breaks_decorated_pots, minecraft:cluster_max_harvestables, c:tools, minecraft:piglin_loved, dynamiccrosshair:tools, minecraft:pickaxes, minecraft:tools"
"Minecraft","minecraft:golden_shovel",788,"Golden Shovel",32,"minecraft:shovels, minecraft:breaks_decorated_pots, c:shovels, minecraft:piglin_loved, minecraft:tools, c:tools, dynamiccrosshair:tools"
"Minecraft","minecraft:golden_sword",787,"Golden Sword",32,"minecraft:breaks_decorated_pots, minecraft:piglin_loved, minecraft:tools, dynamiccrosshair:melee_weapons, c:tools, minecraft:swords, c:swords"
"Minecraft","minecraft:iron_axe",795,"Iron Axe",250,"minecraft:breaks_decorated_pots, spectral_seas:iron_weapon, minecraft:tools, c:tools, minecraft:axes, dynamiccrosshair:tools, c:axes"
"Minecraft","minecraft:iron_boots",827,"Iron Boots",195,"c:armors, c:boots, bookshelf:boots, minecraft:trimmable_armor, supplementaries:ignite_flint_blocks, c:armor, bookshelf:armor"
"Minecraft","minecraft:iron_chestplate",825,"Iron Chestplate",240,"bookshelf:chestplates, c:chestplates, minecraft:trimmable_armor, bookshelf:armor, c:armor, c:armors"
"Minecraft","minecraft:iron_helmet",824,"Iron Helmet",165,"bookshelf:helmets, c:helmets, minecraft:trimmable_armor, bookshelf:armor, c:armor, c:armors"
"Minecraft","minecraft:iron_hoe",796,"Iron Hoe",250,"c:tools, c:hoes, dynamiccrosshair:tools, minecraft:breaks_decorated_pots, minecraft:tools, minecraft:hoes"
"Minecraft","minecraft:iron_leggings",826,"Iron Leggings",225,"bookshelf:leggings, c:leggings, minecraft:trimmable_armor, bookshelf:armor, c:armor, c:armors"
"Minecraft","minecraft:iron_pickaxe",794,"Iron Pickaxe",250,"minecraft:pickaxes, minecraft:breaks_decorated_pots, c:pickaxes, minecraft:tools, c:tools, minecraft:cluster_max_harvestables, dynamiccrosshair:tools"
"Minecraft","minecraft:iron_shovel",793,"Iron Shovel",250,"c:tools, c:shovels, dynamiccrosshair:tools, minecraft:breaks_decorated_pots, minecraft:tools, minecraft:shovels"
"Minecraft","minecraft:iron_sword",792,"Iron Sword",250,"minecraft:breaks_decorated_pots, spectral_seas:iron_weapon, minecraft:tools, dynamiccrosshair:melee_weapons, c:tools, minecraft:swords, c:swords"
"Minecraft","minecraft:leather_boots",819,"Leather Boots",65,"c:armors, c:boots, minecraft:freeze_immune_wearables, bookshelf:boots, minecraft:trimmable_armor, c:armor, bookshelf:armor"
"Minecraft","minecraft:leather_chestplate",817,"Leather Tunic",80,"c:armors, minecraft:freeze_immune_wearables, c:chestplates, bookshelf:chestplates, minecraft:trimmable_armor, c:armor, bookshelf:armor"
"Minecraft","minecraft:leather_helmet",816,"Leather Cap",55,"bookshelf:helmets, c:armors, minecraft:freeze_immune_wearables, minecraft:trimmable_armor, c:armor, bookshelf:armor, c:helmets"
"Minecraft","minecraft:leather_leggings",818,"Leather Pants",75,"c:armors, minecraft:freeze_immune_wearables, minecraft:trimmable_armor, c:leggings, bookshelf:leggings, c:armor, bookshelf:armor"
"Minecraft","minecraft:netherite_axe",805,"Netherite Axe",2031,"tinkerers_smithing:sacrifice/netherite_2_plus, dynamiccrosshair:tools, minecraft:breaks_decorated_pots, tinkerers_smithing:sacrifice/netherite_3, tinkerers_smithing:sacrifice/netherite_1_plus, tinkerers_smithing:sacrifice/netherite_3_plus, minecraft:tools, c:tools, minecraft:axes, c:axes"
"Minecraft","minecraft:netherite_boots",839,"Netherite Boots",481,"bookshelf:boots, minecraft:trimmable_armor, c:armor, tinkerers_smithing:sacrifice/netherite_4, tinkerers_smithing:sacrifice/netherite_1_plus, tinkerers_smithing:sacrifice/netherite_2_plus, tinkerers_smithing:sacrifice/netherite_3_plus, c:armors, c:boots, tinkerers_smithing:sacrifice/netherite_4_plus, bookshelf:armor"
"Minecraft","minecraft:netherite_chestplate",837,"Netherite Chestplate",592,"minecraft:trimmable_armor, tinkerers_smithing:sacrifice/netherite_1_plus, tinkerers_smithing:sacrifice/netherite_3_plus, tinkerers_smithing:sacrifice/netherite_4_plus, tinkerers_smithing:sacrifice/netherite_5_plus, tinkerers_smithing:sacrifice/netherite_6_plus, tinkerers_smithing:sacrifice/netherite_7_plus, tinkerers_smithing:sacrifice/netherite_8_plus, tinkerers_smithing:sacrifice/netherite_2_plus, bookshelf:chestplates, c:chestplates, tinkerers_smithing:sacrifice/netherite_8, c:armors, bookshelf:armor, c:armor"
"Minecraft","minecraft:netherite_helmet",836,"Netherite Helmet",407,"tinkerers_smithing:sacrifice/netherite_5, tinkerers_smithing:sacrifice/netherite_2_plus, bookshelf:helmets, minecraft:trimmable_armor, tinkerers_smithing:sacrifice/netherite_3_plus, c:armor, tinkerers_smithing:sacrifice/netherite_4_plus, c:helmets, tinkerers_smithing:sacrifice/netherite_1_plus, bookshelf:armor, tinkerers_smithing:sacrifice/netherite_5_plus, c:armors"
"Minecraft","minecraft:netherite_hoe",806,"Netherite Hoe",2031,"dynamiccrosshair:tools, minecraft:breaks_decorated_pots, c:tools, tinkerers_smithing:sacrifice/netherite_2_plus, minecraft:hoes, minecraft:tools, tinkerers_smithing:sacrifice/netherite_1_plus, tinkerers_smithing:sacrifice/netherite_2, c:hoes"
"Minecraft","minecraft:netherite_leggings",838,"Netherite Leggings",555,"tinkerers_smithing:sacrifice/netherite_2_plus, tinkerers_smithing:sacrifice/netherite_5_plus, minecraft:trimmable_armor, c:armor, tinkerers_smithing:sacrifice/netherite_1_plus, tinkerers_smithing:sacrifice/netherite_4_plus, bookshelf:armor, tinkerers_smithing:sacrifice/netherite_7_plus, c:armors, tinkerers_smithing:sacrifice/netherite_3_plus, c:leggings, tinkerers_smithing:sacrifice/netherite_6_plus, tinkerers_smithing:sacrifice/netherite_7, bookshelf:leggings"
"Minecraft","minecraft:netherite_pickaxe",804,"Netherite Pickaxe",2031,"minecraft:cluster_max_harvestables, c:pickaxes, minecraft:tools, minecraft:breaks_decorated_pots, tinkerers_smithing:sacrifice/netherite_3, dynamiccrosshair:tools, c:tools, tinkerers_smithing:sacrifice/netherite_1_plus, tinkerers_smithing:sacrifice/netherite_3_plus, tinkerers_smithing:sacrifice/netherite_2_plus, minecraft:pickaxes"
"Minecraft","minecraft:netherite_shovel",803,"Netherite Shovel",2031,"minecraft:shovels, minecraft:breaks_decorated_pots, c:tools, dynamiccrosshair:tools, tinkerers_smithing:sacrifice/netherite_1_plus, c:shovels, minecraft:tools, tinkerers_smithing:sacrifice/netherite_1"
"Minecraft","minecraft:netherite_sword",802,"Netherite Sword",2031,"minecraft:breaks_decorated_pots, tinkerers_smithing:sacrifice/netherite_2_plus, c:tools, c:swords, minecraft:tools, minecraft:swords, tinkerers_smithing:sacrifice/netherite_1_plus, tinkerers_smithing:sacrifice/netherite_2, dynamiccrosshair:melee_weapons"
"Minecraft","minecraft:shears",942,"Shears",238,"dynamiccrosshair:tools, bookshelf:shears, c:shears"
"Minecraft","minecraft:shield",1116,"Shield",336,"c:shields, dynamiccrosshair:shields, c:tools, bookshelf:shields"
"Minecraft","minecraft:stone_axe",785,"Stone Axe",131,"c:axes, c:tools, dynamiccrosshair:tools, minecraft:axes, minecraft:tools, minecraft:breaks_decorated_pots"
"Minecraft","minecraft:stone_hoe",786,"Stone Hoe",131,"c:tools, c:hoes, dynamiccrosshair:tools, minecraft:breaks_decorated_pots, minecraft:tools, minecraft:hoes"
"Minecraft","minecraft:stone_pickaxe",784,"Stone Pickaxe",131,"minecraft:pickaxes, minecraft:breaks_decorated_pots, c:pickaxes, minecraft:tools, c:tools, minecraft:cluster_max_harvestables, dynamiccrosshair:tools"
"Minecraft","minecraft:stone_shovel",783,"Stone Shovel",131,"c:tools, c:shovels, dynamiccrosshair:tools, minecraft:breaks_decorated_pots, minecraft:tools, minecraft:shovels"
"Minecraft","minecraft:stone_sword",782,"Stone Sword",131,"c:tools, minecraft:swords, minecraft:breaks_decorated_pots, minecraft:tools, c:swords, dynamiccrosshair:melee_weapons"
"Minecraft","minecraft:trident",1139,"Trident",250,"minecraft:breaks_decorated_pots, c:spears, c:tools, supplementaries:pedestal_downright, minecraft:tools, dynamiccrosshair:ranged_weapons, companion:charged_ranged_weapon, c:tridents, dynamiccrosshair:melee_weapons"
"Minecraft","minecraft:turtle_helmet",756,"Turtle Shell",275,"bookshelf:helmets, c:helmets, minecraft:trimmable_armor, bookshelf:armor, c:armor, c:armors"
"Minecraft","minecraft:warped_fungus_on_a_stick",734,"Warped Fungus on a Stick",100,""
"Minecraft","minecraft:wooden_axe",780,"Wooden Axe",59,"c:axes, c:tools, dynamiccrosshair:tools, minecraft:axes, minecraft:tools, minecraft:breaks_decorated_pots"
"Minecraft","minecraft:wooden_hoe",781,"Wooden Hoe",59,"c:tools, c:hoes, dynamiccrosshair:tools, minecraft:breaks_decorated_pots, minecraft:tools, minecraft:hoes"
"Minecraft","minecraft:wooden_pickaxe",779,"Wooden Pickaxe",59,"minecraft:pickaxes, minecraft:breaks_decorated_pots, c:pickaxes, minecraft:tools, c:tools, minecraft:cluster_max_harvestables, dynamiccrosshair:tools"
"Minecraft","minecraft:wooden_shovel",778,"Wooden Shovel",59,"c:tools, c:shovels, dynamiccrosshair:tools, minecraft:breaks_decorated_pots, minecraft:tools, minecraft:shovels"
"Minecraft","minecraft:wooden_sword",777,"Wooden Sword",59,"c:swords, supplementaries:statue_swords, minecraft:breaks_decorated_pots, supplementaries:pedestal_upright, c:tools, dynamiccrosshair:melee_weapons, minecraft:swords, minecraft:tools"
"Spectrum","spectrum:draconic_twinsword",3894,"Draconic Twinsword",10000,"minecraft:swords, spectrum:swords, yttr:not_gifts, minecraft:breaks_decorated_pots, minecraft:tools, dynamiccrosshair:melee_weapons"
"Spectrum","spectrum:dragon_talon",3895,"Dragon Talon",10000,"spectrum:swords, minecraft:breaks_decorated_pots, c:tools/knives, minecraft:tools, dynamiccrosshair:melee_weapons, minecraft:swords, yttr:not_gifts"
"Spectrum","spectrum:dragonrending_pickaxe",3853,"Dragonrending Pickaxe",10000,"yttr:not_gifts, dynamiccrosshair:tools, spectrum:pickaxes, minecraft:tools, minecraft:breaks_decorated_pots, minecraft:pickaxes"
"Spectrum","spectrum:dreamflayer",3892,"Dreamflayer",650,"spectrum:swords, modern_industrialization:replicator_blacklist, minecraft:breaks_decorated_pots, minecraft:tools, dynamiccrosshair:melee_weapons, minecraft:swords, yttr:not_gifts"
"Spectrum","spectrum:ferocious_chestplate",3857,"Ferocious Chestplate",144,"yttr:not_gifts, modern_industrialization:replicator_blacklist, spectrum:gemstone_armor"
"Spectrum","spectrum:ferocious_glass_crest_bident",3879,"Ferocious Glass Crest Bident",6144,"yttr:not_gifts, dynamiccrosshair:tools, the_bumblezone:enchantable/potent_poison, minecraft:breaks_decorated_pots, spectrum:bidents, spectrum:glass_crest_equipment, spectrum:shovels, minecraft:shovels, minecraft:tools, modern_industrialization:replicator_blacklist"
"Spectrum","spectrum:fetchling_helmet",3856,"Fetchling Helmet",99,"yttr:not_gifts, modern_industrialization:replicator_blacklist, spectrum:gemstone_armor"
"Spectrum","spectrum:fractal_glass_crest_bident",3880,"Fractal Glass Crest Bident",6144,"yttr:not_gifts, dynamiccrosshair:tools, the_bumblezone:enchantable/potent_poison, minecraft:breaks_decorated_pots, spectrum:bidents, spectrum:glass_crest_equipment, spectrum:shovels, minecraft:shovels, minecraft:tools, modern_industrialization:replicator_blacklist"
"Spectrum","spectrum:glass_crest_crossbow",3881,"Glass Crest Crossbow",6144,"modern_industrialization:replicator_blacklist, origins:ranged_weapons, spectrum:glass_crest_equipment, yttr:not_gifts"
"Spectrum","spectrum:glass_crest_ultra_greatsword",3878,"Glass Crest Ultra Greatsword",6144,"minecraft:breaks_decorated_pots, spectrum:glass_crest_equipment, yttr:not_gifts, minecraft:tools, minecraft:swords, spectrum:greatswords, spectrum:swords, modern_industrialization:replicator_blacklist, dynamiccrosshair:melee_weapons"
"Spectrum","spectrum:glass_crest_workstaff",3877,"Glass Crest Workstaff",6144,"minecraft:cluster_max_harvestables, modern_industrialization:replicator_blacklist, spectrum:pickaxes, minecraft:axes, the_bumblezone:enchantable/comb_cutter, minecraft:hoes, c:tools/knives, spectrum:workstaffs, minecraft:tools, spectrum:axes, zenith:enchant_level_modifier_blacklist, spectrum:hoes, minecraft:breaks_decorated_pots, spectrum:glass_crest_equipment, minecraft:pickaxes, dynamiccrosshair:tools, yttr:not_gifts"
"Spectrum","spectrum:knotted_sword",3896,"Knotted Sword",1536,"spectrum:swords, minecraft:breaks_decorated_pots, spectrum:light_greatswords, minecraft:tools, dynamiccrosshair:melee_weapons, minecraft:swords, yttr:not_gifts"
"Spectrum","spectrum:lagoon_rod",3854,"Lagoon Rod",256,"yttr:not_gifts, c:tools, spectrum:fishing_rods, c:fishing_rods, bookshelf:fishing_rods"
"Spectrum","spectrum:lucky_pickaxe",3849,"Lucky Pickaxe",16,"minecraft:pickaxes, minecraft:breaks_decorated_pots, spectrum:pickaxes, minecraft:tools, minecraft:cluster_max_harvestables, dynamiccrosshair:tools, yttr:not_gifts"
"Spectrum","spectrum:malachite_bident",3876,"Malachite Bident",1536,"the_bumblezone:enchantable/potent_poison, modern_industrialization:replicator_blacklist, minecraft:breaks_decorated_pots, minecraft:tools, spectrum:bidents, spectrum:malachite_equipment, yttr:not_gifts"
"Spectrum","spectrum:malachite_crossbow",3875,"Malachite Crossbow",1536,"modern_industrialization:replicator_blacklist, origins:ranged_weapons, spectrum:malachite_equipment, yttr:not_gifts"
"Spectrum","spectrum:malachite_ultra_greatsword",3874,"Malachite Ultra Greatsword",1536,"minecraft:breaks_decorated_pots, yttr:not_gifts, minecraft:tools, minecraft:swords, spectrum:greatswords, spectrum:malachite_equipment, spectrum:swords, modern_industrialization:replicator_blacklist, dynamiccrosshair:melee_weapons"
"Spectrum","spectrum:malachite_workstaff",3873,"Malachite Workstaff",1536,"minecraft:cluster_max_harvestables, modern_industrialization:replicator_blacklist, spectrum:pickaxes, minecraft:axes, the_bumblezone:enchantable/comb_cutter, minecraft:hoes, c:tools/knives, spectrum:workstaffs, minecraft:tools, spectrum:axes, zenith:enchant_level_modifier_blacklist, spectrum:hoes, minecraft:breaks_decorated_pots, minecraft:pickaxes, spectrum:malachite_equipment, dynamiccrosshair:tools, yttr:not_gifts"
"Spectrum","spectrum:molten_rod",3855,"Molten Rod",256,"yttr:not_gifts, c:tools, spectrum:fishing_rods, c:fishing_rods, bookshelf:fishing_rods"
"Spectrum","spectrum:multitool",3847,"Multitool",250,"spectrum:axes, c:tools/knives, minecraft:tools, the_bumblezone:enchantable/comb_cutter, minecraft:pickaxes, minecraft:breaks_decorated_pots, minecraft:cluster_max_harvestables, yttr:not_gifts, minecraft:shovels, dynamiccrosshair:tools, spectrum:pickaxes, minecraft:hoes, minecraft:axes, spectrum:hoes, spectrum:shovels"
"Spectrum","spectrum:nectar_lance",3897,"Nectar Lance",6144,"minecraft:breaks_decorated_pots, spectrum:swords, spectrum:emissive, dynamiccrosshair:melee_weapons, minecraft:swords, spectrum:light_greatswords, minecraft:tools, yttr:not_gifts"
"Spectrum","spectrum:nightfalls_blade",3893,"Nightfall's Blade",650,"spectrum:swords, modern_industrialization:replicator_blacklist, minecraft:breaks_decorated_pots, minecraft:tools, dynamiccrosshair:melee_weapons, minecraft:swords, yttr:not_gifts"
"Spectrum","spectrum:oblivion_pickaxe",3851,"Oblivion Pickaxe",1143,"minecraft:pickaxes, minecraft:breaks_decorated_pots, spectrum:pickaxes, minecraft:tools, minecraft:cluster_max_harvestables, dynamiccrosshair:tools, yttr:not_gifts"
"Spectrum","spectrum:oread_boots",3859,"Oread Boots",117,"yttr:not_gifts, modern_industrialization:replicator_blacklist, spectrum:gemstone_armor"
"Spectrum","spectrum:razor_falchion",3850,"Razor Falchion",16,"minecraft:swords, spectrum:swords, yttr:not_gifts, minecraft:breaks_decorated_pots, minecraft:tools, dynamiccrosshair:melee_weapons"
"Spectrum","spectrum:resonant_pickaxe",3852,"Resonant Pickaxe",16,"minecraft:pickaxes, minecraft:breaks_decorated_pots, spectrum:pickaxes, minecraft:tools, minecraft:cluster_max_harvestables, dynamiccrosshair:tools, yttr:not_gifts"
"Spectrum","spectrum:sylph_leggings",3858,"Sylph Leggings",135,"yttr:not_gifts, modern_industrialization:replicator_blacklist, spectrum:gemstone_armor"
"Spectrum","spectrum:tender_pickaxe",3848,"Tender Pickaxe",16,"minecraft:pickaxes, minecraft:breaks_decorated_pots, spectrum:pickaxes, minecraft:tools, minecraft:cluster_max_harvestables, dynamiccrosshair:tools, yttr:not_gifts"
"Unknown","archeologyplus:chisel",1277,"Chisel",432,""
"Unknown","archeologyplus:tree_idol",1276,"Tree Idol",64,""
"Unknown","chalk:black_chalk",1377,"Black Chalk",64,"supplementaries:blackboard_black"
"Unknown","chalk:black_glow_chalk",1378,"Black Glow Chalk",64,""
"Unknown","chalk:blue_chalk",1369,"Blue Chalk",64,"supplementaries:blackboard_blue"
"Unknown","chalk:blue_glow_chalk",1370,"Blue Glow Chalk",64,""
"Unknown","chalk:brown_chalk",1371,"Brown Chalk",64,"supplementaries:blackboard_brown"
"Unknown","chalk:brown_glow_chalk",1372,"Brown Glow Chalk",64,""
"Unknown","chalk:chalk",1347,"Chalk",64,"supplementaries:blackboard_white"
"Unknown","chalk:cyan_chalk",1365,"Cyan Chalk",64,"supplementaries:blackboard_cyan"
"Unknown","chalk:cyan_glow_chalk",1366,"Cyan Glow Chalk",64,""
"Unknown","chalk:glow_chalk",1348,"Glow Chalk",64,""
"Unknown","chalk:gray_chalk",1361,"Gray Chalk",64,"supplementaries:blackboard_gray"
"Unknown","chalk:gray_glow_chalk",1362,"Gray Glow Chalk",64,""
"Unknown","chalk:green_chalk",1373,"Green Chalk",64,"supplementaries:blackboard_green"
"Unknown","chalk:green_glow_chalk",1374,"Green Glow Chalk",64,""
"Unknown","chalk:light_blue_chalk",1353,"Light Blue Chalk",64,"supplementaries:blackboard_light_blue"
"Unknown","chalk:light_blue_glow_chalk",1354,"Light Blue Glow Chalk",64,""
"Unknown","chalk:light_gray_chalk",1363,"Light Gray Chalk",64,"supplementaries:blackboard_light_gray"
"Unknown","chalk:light_gray_glow_chalk",1364,"Light Gray Glow Chalk",64,""
"Unknown","chalk:lime_chalk",1357,"Lime Chalk",64,"supplementaries:blackboard_lime"
"Unknown","chalk:lime_glow_chalk",1358,"Lime Glow Chalk",64,""
"Unknown","chalk:magenta_chalk",1351,"Magenta Chalk",64,"supplementaries:blackboard_magenta"
"Unknown","chalk:magenta_glow_chalk",1352,"Magenta Glow Chalk",64,""
"Unknown","chalk:orange_chalk",1349,"Orange Chalk",64,"supplementaries:blackboard_orange"
"Unknown","chalk:orange_glow_chalk",1350,"Orange Glow Chalk",64,""
"Unknown","chalk:pink_chalk",1359,"Pink Chalk",64,"supplementaries:blackboard_pink"
"Unknown","chalk:pink_glow_chalk",1360,"Pink Glow Chalk",64,""
"Unknown","chalk:purple_chalk",1367,"Purple Chalk",64,"supplementaries:blackboard_purple"
"Unknown","chalk:purple_glow_chalk",1368,"Purple Glow Chalk",64,""
"Unknown","chalk:red_chalk",1375,"Red Chalk",64,"supplementaries:blackboard_red"
"Unknown","chalk:red_glow_chalk",1376,"Red Glow Chalk",64,""
"Unknown","chalk:yellow_chalk",1355,"Yellow Chalk",64,"supplementaries:blackboard_yellow"
"Unknown","chalk:yellow_glow_chalk",1356,"Yellow Glow Chalk",64,""
"Unknown","ecologics:crab_claw",1502,"Crab Claw",50,"dynamiccrosshair:tools, bookshelf:shears, c:shears"
"Unknown","endermanoverhaul:badlands_hood",1551,"Badlands Hood",225,""
"Unknown","endermanoverhaul:corrupted_blade",1563,"Corrupted Blade",250,""
"Unknown","endermanoverhaul:corrupted_shield",1564,"Corrupted Shield",672,""
"Unknown","endermanoverhaul:savanna_hood",1552,"Savanna Hood",225,""
"Unknown","endermanoverhaul:snowy_hood",1553,"Snowy Hood",225,""
"Unknown","galosphere:preserved_flesh",1627,"Preserved Flesh",180,""
"Unknown","galosphere:saltbound_tablet",1625,"Saltbound Tablet",432,""
"Unknown","galosphere:sterling_boots",1615,"Sterling Boots",156,"minecraft:freeze_immune_wearables"
"Unknown","galosphere:sterling_chestplate",1613,"Sterling Chestplate",192,"minecraft:freeze_immune_wearables"
"Unknown","galosphere:sterling_helmet",1612,"Sterling Helmet",132,"minecraft:freeze_immune_wearables"
"Unknown","galosphere:sterling_leggings",1614,"Sterling Leggings",180,"minecraft:freeze_immune_wearables"
"Unknown","hybrid-aquatic:barbed_hook",1764,"Barbed Hook",16,"hybrid-aquatic:lure_items"
"Unknown","hybrid-aquatic:coral_axe",1776,"Coral Axe",250,"minecraft:breaks_decorated_pots, minecraft:tools, dynamiccrosshair:tools, minecraft:axes"
"Unknown","hybrid-aquatic:coral_blade",1774,"Coral Blade",250,"minecraft:swords, minecraft:breaks_decorated_pots, minecraft:tools, dynamiccrosshair:melee_weapons"
"Unknown","hybrid-aquatic:coral_hoe",1778,"Coral Hoe",250,"minecraft:breaks_decorated_pots, minecraft:tools, minecraft:hoes, dynamiccrosshair:tools"
"Unknown","hybrid-aquatic:coral_pickaxe",1775,"Coral Pickaxe",250,"minecraft:breaks_decorated_pots, minecraft:tools, dynamiccrosshair:tools, minecraft:pickaxes"
"Unknown","hybrid-aquatic:coral_shovel",1777,"Coral Shovel",250,"minecraft:shovels, minecraft:breaks_decorated_pots, minecraft:tools, dynamiccrosshair:tools"
"Unknown","hybrid-aquatic:creepermagnet_hook",1767,"CreeperMagnet Hook",1,"hybrid-aquatic:lure_items"
"Unknown","hybrid-aquatic:diving_boots",1753,"Diving Boots",195,"spectral_seas:diving_suit_set, c:armors"
"Unknown","hybrid-aquatic:diving_helmet",1750,"Diving Helmet",165,"spectral_seas:diving_suit_set, c:armors"
"Unknown","hybrid-aquatic:diving_leggings",1752,"Diving Leggings",225,"spectral_seas:diving_suit_set, c:armors"
"Unknown","hybrid-aquatic:diving_suit",1751,"Diving Suit",240,"spectral_seas:diving_suit_set, c:armors"
"Unknown","hybrid-aquatic:eel_scarf",1759,"Eel Scarf",240,"hybrid-aquatic:scarf, trinkets:chest/cape, c:armors"
"Unknown","hybrid-aquatic:glowing_hook",1765,"Glowing Hook",16,"hybrid-aquatic:lure_items"
"Unknown","hybrid-aquatic:magnetic_hook",1766,"Magnetic Hook",8,"hybrid-aquatic:lure_items"
"Unknown","hybrid-aquatic:manglerfish_fin",1758,"Manglerfish Fin",240,"hybrid-aquatic:back_fin, trinkets:chest/cape, c:armors"
"Unknown","hybrid-aquatic:manglerfish_lure",1757,"Manglerfish Lure",165,"hybrid-aquatic:hat, trinkets:head/hat, c:armors"
"Unknown","hybrid-aquatic:moon_jellyfish_hat",1760,"Moon Jellyfish Hat",165,"hybrid-aquatic:hat, trinkets:head/hat, c:armors"
"Unknown","hybrid-aquatic:nautilus_helmet",1754,"Nautilus Helmet",165,"c:armors"
"Unknown","hybrid-aquatic:nautilus_pauldrons",1755,"Nautilus Pauldrons",240,"c:armors"
"Unknown","hybrid-aquatic:ominous_hook",1768,"Ominous Hook",1,"hybrid-aquatic:lure_items"
"Unknown","hybrid-aquatic:seashell_axe",1771,"Seashell Axe",131,"minecraft:breaks_decorated_pots, minecraft:tools, dynamiccrosshair:tools, minecraft:axes"
"Unknown","hybrid-aquatic:seashell_hoe",1773,"Seashell Hoe",131,"minecraft:breaks_decorated_pots, minecraft:tools, minecraft:hoes, dynamiccrosshair:tools"
"Unknown","hybrid-aquatic:seashell_pickaxe",1770,"Seashell Pickaxe",131,"minecraft:breaks_decorated_pots, minecraft:tools, dynamiccrosshair:tools, minecraft:pickaxes"
"Unknown","hybrid-aquatic:seashell_shovel",1772,"Seashell Shovel",131,"minecraft:shovels, minecraft:breaks_decorated_pots, minecraft:tools, dynamiccrosshair:tools"
"Unknown","hybrid-aquatic:seashell_spear",1769,"Seashell Spear",131,"minecraft:swords, minecraft:breaks_decorated_pots, minecraft:tools, dynamiccrosshair:melee_weapons"
"Unknown","hybrid-aquatic:turtle_chestplate",1756,"Turtle Chestplate",400,""
"Unknown","musketmod:blunderbuss",2061,"Blunderbuss",200,"musketmod:enchantable/flame, musketmod:two_handed, musketmod:guns, backslot:backslot_items"
"Unknown","musketmod:musket",2058,"Musket",250,"musketmod:enchantable/knockback, musketmod:two_handed, musketmod:guns, backslot:backslot_items"
"Unknown","musketmod:musket_with_bayonet",2059,"Musket with Bayonet",250,"musketmod:enchantable/sharpness, musketmod:two_handed, musketmod:enchantable/bane_of_arthropods, musketmod:enchantable/smite, backslot:backslot_items, musketmod:guns"
"Unknown","musketmod:musket_with_scope",2060,"Scoped Musket",150,"musketmod:enchantable/knockback, musketmod:two_handed, musketmod:guns, backslot:backslot_items"
"Unknown","musketmod:pistol",2062,"Flintlock Pistol",200,"backslot:beltslot_items, musketmod:guns, musketmod:enchantable/quick_charge"
"Unknown","naturalist:bug_net",2107,"Bug Net",64,""
"Unknown","rottencreatures:spear",2219,"Spear",200,""
"Unknown","simplyswords:arcanethyst",2461,"Arcanethyst",3270,"minecraft:breaks_decorated_pots, c:tools, c:swords, simplyswords:swords, simplyswords:uniques, minecraft:tools, minecraft:swords, simplyswords:conditional_uniques_type_1, dynamiccrosshair:melee_weapons"
"Unknown","simplyswords:awakened_lichblade",2466,"Awakened Lichblade",3270,"c:swords, minecraft:breaks_decorated_pots, simplyswords:uniques, c:tools, dynamiccrosshair:melee_weapons, minecraft:swords, simplyswords:swords, minecraft:tools"
"Unknown","simplyswords:bramblethorn",2447,"Bramblethorn",3270,"minecraft:breaks_decorated_pots, c:tools, c:swords, simplyswords:swords, simplyswords:uniques, minecraft:tools, minecraft:swords, simplyswords:conditional_uniques_type_1, dynamiccrosshair:melee_weapons"
"Unknown","simplyswords:brimstone_claymore",2442,"Brimstone Claymore",3270,"minecraft:breaks_decorated_pots, c:tools, c:swords, simplyswords:swords, simplyswords:uniques, minecraft:tools, minecraft:swords, simplyswords:conditional_uniques_type_1, dynamiccrosshair:melee_weapons"
"Unknown","simplyswords:caelestis",2487,"Caelestis",3270,"minecraft:breaks_decorated_pots, c:tools, c:swords, simplyswords:swords, simplyswords:uniques, minecraft:tools, minecraft:swords, simplyswords:conditional_uniques_type_1, dynamiccrosshair:melee_weapons"
"Unknown","simplyswords:decaying_relic",2482,"Decaying relic",3270,"minecraft:breaks_decorated_pots, c:tools, c:swords, simplyswords:swords, simplyswords:uniques, minecraft:tools, minecraft:swords, simplyswords:conditional_uniques_type_2, dynamiccrosshair:melee_weapons"
"Unknown","simplyswords:diamond_chakram",2409,"Diamond Chakram",1561,"c:swords, minecraft:breaks_decorated_pots, c:tools, dynamiccrosshair:melee_weapons, minecraft:swords, simplyswords:swords, simplyswords:diamond_gear, minecraft:tools"
"Unknown","simplyswords:diamond_claymore",2406,"Diamond Claymore",1561,"c:swords, minecraft:breaks_decorated_pots, c:tools, dynamiccrosshair:melee_weapons, minecraft:swords, simplyswords:swords, simplyswords:diamond_gear, minecraft:tools"
"Unknown","simplyswords:diamond_cutlass",2405,"Diamond Cutlass",1561,"minecraft:breaks_decorated_pots, c:tools, c:swords, simplyswords:diamond_gear, spectral_seas:diamond_weapon, simplyswords:swords, minecraft:tools, minecraft:swords, dynamiccrosshair:melee_weapons"
"Unknown","simplyswords:diamond_glaive",2403,"Diamond Glaive",1561,"c:swords, minecraft:breaks_decorated_pots, c:tools, dynamiccrosshair:melee_weapons, minecraft:swords, simplyswords:swords, simplyswords:diamond_gear, minecraft:tools"
"Unknown","simplyswords:diamond_greataxe",2408,"Diamond Greataxe",1561,"c:swords, minecraft:breaks_decorated_pots, c:tools, dynamiccrosshair:melee_weapons, minecraft:swords, simplyswords:swords, simplyswords:diamond_gear, minecraft:tools"
"Unknown","simplyswords:diamond_greathammer",2407,"Diamond Greathammer",1561,"c:swords, minecraft:breaks_decorated_pots, c:tools, dynamiccrosshair:melee_weapons, minecraft:swords, simplyswords:swords, simplyswords:diamond_gear, minecraft:tools"
"Unknown","simplyswords:diamond_halberd",2411,"Diamond Halberd",1561,"c:swords, minecraft:breaks_decorated_pots, c:tools, dynamiccrosshair:melee_weapons, minecraft:swords, simplyswords:swords, simplyswords:diamond_gear, minecraft:tools"
"Unknown","simplyswords:diamond_katana",2400,"Diamond Katana",1561,"c:swords, minecraft:breaks_decorated_pots, c:tools, dynamiccrosshair:melee_weapons, minecraft:swords, simplyswords:swords, simplyswords:diamond_gear, minecraft:tools"
"Unknown","simplyswords:diamond_longsword",2397,"Diamond Longsword",1561,"minecraft:breaks_decorated_pots, c:tools, c:swords, simplyswords:diamond_gear, spectral_seas:diamond_weapon, simplyswords:swords, minecraft:tools, minecraft:swords, dynamiccrosshair:melee_weapons"
"Unknown","simplyswords:diamond_rapier",2399,"Diamond Rapier",1561,"minecraft:breaks_decorated_pots, c:tools, c:swords, simplyswords:diamond_gear, spectral_seas:diamond_weapon, simplyswords:swords, minecraft:tools, minecraft:swords, dynamiccrosshair:melee_weapons"
"Unknown","simplyswords:diamond_sai",2401,"Diamond Sai",1561,"c:swords, minecraft:breaks_decorated_pots, c:tools, dynamiccrosshair:melee_weapons, minecraft:swords, simplyswords:swords, simplyswords:diamond_gear, minecraft:tools"
"Unknown","simplyswords:diamond_scythe",2410,"Diamond Scythe",1561,"c:swords, minecraft:breaks_decorated_pots, c:tools, dynamiccrosshair:melee_weapons, minecraft:swords, simplyswords:swords, simplyswords:diamond_gear, minecraft:tools"
"Unknown","simplyswords:diamond_spear",2402,"Diamond Spear",1561,"c:swords, minecraft:breaks_decorated_pots, c:tools, dynamiccrosshair:melee_weapons, minecraft:swords, simplyswords:swords, simplyswords:diamond_gear, minecraft:tools"
"Unknown","simplyswords:diamond_twinblade",2398,"Diamond Twinblade",1561,"c:swords, minecraft:breaks_decorated_pots, c:tools, dynamiccrosshair:melee_weapons, minecraft:swords, simplyswords:swords, simplyswords:diamond_gear, minecraft:tools"
"Unknown","simplyswords:diamond_warglaive",2404,"Diamond Warglaive",1561,"c:swords, minecraft:breaks_decorated_pots, c:tools, dynamiccrosshair:melee_weapons, minecraft:swords, simplyswords:swords, simplyswords:diamond_gear, minecraft:tools"
"Unknown","simplyswords:dormant_relic",2468,"Dormant Relic",3270,"minecraft:breaks_decorated_pots, c:tools, c:swords, simplyswords:swords, simplyswords:uniques, minecraft:tools, minecraft:swords, simplyswords:conditional_uniques_type_2, dynamiccrosshair:melee_weapons"
"Unknown","simplyswords:emberblade",2450,"Emberblade",3270,"minecraft:breaks_decorated_pots, c:tools, c:swords, simplyswords:swords, simplyswords:uniques, minecraft:tools, minecraft:swords, simplyswords:conditional_uniques_type_1, dynamiccrosshair:melee_weapons"
"Unknown","simplyswords:emberlash",2474,"Emberlash",3270,"minecraft:breaks_decorated_pots, c:tools, c:swords, simplyswords:swords, simplyswords:uniques, minecraft:tools, minecraft:swords, simplyswords:conditional_uniques_type_1, dynamiccrosshair:melee_weapons"
"Unknown","simplyswords:enigma",2484,"Enigma",3270,"minecraft:breaks_decorated_pots, c:tools, c:swords, simplyswords:swords, simplyswords:uniques, minecraft:tools, minecraft:swords, simplyswords:conditional_uniques_type_2, dynamiccrosshair:melee_weapons"
"Unknown","simplyswords:flamewind",2480,"Flamewind",3270,"minecraft:breaks_decorated_pots, c:tools, c:swords, simplyswords:swords, simplyswords:uniques, minecraft:tools, minecraft:swords, simplyswords:conditional_uniques_type_1, dynamiccrosshair:melee_weapons"
"Unknown","simplyswords:frostfall",2457,"Frostfall",3270,"minecraft:breaks_decorated_pots, c:tools, c:swords, simplyswords:swords, simplyswords:uniques, minecraft:tools, minecraft:swords, simplyswords:conditional_uniques_type_1, dynamiccrosshair:melee_weapons"
"Unknown","simplyswords:gold_chakram",2394,"Gold Chakram",32,"simplyswords:gold_gear, c:swords, minecraft:breaks_decorated_pots, c:tools, dynamiccrosshair:melee_weapons, minecraft:swords, simplyswords:swords, minecraft:tools"
"Unknown","simplyswords:gold_claymore",2391,"Gold Claymore",32,"simplyswords:gold_gear, c:swords, minecraft:breaks_decorated_pots, c:tools, dynamiccrosshair:melee_weapons, minecraft:swords, simplyswords:swords, minecraft:tools"
"Unknown","simplyswords:gold_cutlass",2390,"Gold Cutlass",32,"simplyswords:gold_gear, c:swords, minecraft:breaks_decorated_pots, c:tools, dynamiccrosshair:melee_weapons, minecraft:swords, simplyswords:swords, minecraft:tools"
"Unknown","simplyswords:gold_glaive",2388,"Gold Glaive",32,"simplyswords:gold_gear, c:swords, minecraft:breaks_decorated_pots, c:tools, dynamiccrosshair:melee_weapons, minecraft:swords, simplyswords:swords, minecraft:tools"
"Unknown","simplyswords:gold_greataxe",2393,"Gold Greataxe",32,"simplyswords:gold_gear, c:swords, minecraft:breaks_decorated_pots, c:tools, dynamiccrosshair:melee_weapons, minecraft:swords, simplyswords:swords, minecraft:tools"
"Unknown","simplyswords:gold_greathammer",2392,"Gold Greathammer",32,"simplyswords:gold_gear, c:swords, minecraft:breaks_decorated_pots, c:tools, dynamiccrosshair:melee_weapons, minecraft:swords, simplyswords:swords, minecraft:tools"
"Unknown","simplyswords:gold_halberd",2396,"Gold Halberd",32,"simplyswords:gold_gear, c:swords, minecraft:breaks_decorated_pots, c:tools, dynamiccrosshair:melee_weapons, minecraft:swords, simplyswords:swords, minecraft:tools"
"Unknown","simplyswords:gold_katana",2385,"Gold Katana",32,"simplyswords:gold_gear, c:swords, minecraft:breaks_decorated_pots, c:tools, dynamiccrosshair:melee_weapons, minecraft:swords, simplyswords:swords, minecraft:tools"
"Unknown","simplyswords:gold_longsword",2382,"Gold Longsword",32,"simplyswords:gold_gear, c:swords, minecraft:breaks_decorated_pots, c:tools, dynamiccrosshair:melee_weapons, minecraft:swords, simplyswords:swords, minecraft:tools"
"Unknown","simplyswords:gold_rapier",2384,"Gold Rapier",32,"simplyswords:gold_gear, c:swords, minecraft:breaks_decorated_pots, c:tools, dynamiccrosshair:melee_weapons, minecraft:swords, simplyswords:swords, minecraft:tools"
"Unknown","simplyswords:gold_sai",2386,"Gold Sai",32,"simplyswords:gold_gear, c:swords, minecraft:breaks_decorated_pots, c:tools, dynamiccrosshair:melee_weapons, minecraft:swords, simplyswords:swords, minecraft:tools"
"Unknown","simplyswords:gold_scythe",2395,"Gold Scythe",32,"simplyswords:gold_gear, c:swords, minecraft:breaks_decorated_pots, c:tools, dynamiccrosshair:melee_weapons, minecraft:swords, simplyswords:swords, minecraft:tools"
"Unknown","simplyswords:gold_spear",2387,"Gold Spear",32,"simplyswords:gold_gear, c:swords, minecraft:breaks_decorated_pots, c:tools, dynamiccrosshair:melee_weapons, minecraft:swords, simplyswords:swords, minecraft:tools"
"Unknown","simplyswords:gold_twinblade",2383,"Gold Twinblade",32,"simplyswords:gold_gear, c:swords, minecraft:breaks_decorated_pots, c:tools, dynamiccrosshair:melee_weapons, minecraft:swords, simplyswords:swords, minecraft:tools"
"Unknown","simplyswords:gold_warglaive",2389,"Gold Warglaive",32,"simplyswords:gold_gear, c:swords, minecraft:breaks_decorated_pots, c:tools, dynamiccrosshair:melee_weapons, minecraft:swords, simplyswords:swords, minecraft:tools"
"Unknown","simplyswords:harbinger",2472,"Harbinger",3270,"c:swords, minecraft:breaks_decorated_pots, simplyswords:uniques, c:tools, dynamiccrosshair:melee_weapons, minecraft:swords, simplyswords:swords, minecraft:tools"
"Unknown","simplyswords:hearthflame",2451,"Hearthflame",3270,"minecraft:breaks_decorated_pots, c:tools, c:swords, simplyswords:swords, simplyswords:uniques, minecraft:tools, minecraft:swords, simplyswords:conditional_uniques_type_1, dynamiccrosshair:melee_weapons"
"Unknown","simplyswords:hiveheart",2476,"Hiveheart",3270,"minecraft:breaks_decorated_pots, c:tools, c:swords, simplyswords:swords, simplyswords:uniques, minecraft:tools, minecraft:swords, simplyswords:conditional_uniques_type_1, dynamiccrosshair:melee_weapons"
"Unknown","simplyswords:icewhisper",2460,"Icewhisper",3270,"minecraft:breaks_decorated_pots, c:tools, c:swords, simplyswords:swords, simplyswords:uniques, minecraft:tools, minecraft:swords, simplyswords:conditional_uniques_type_1, dynamiccrosshair:melee_weapons"
"Unknown","simplyswords:iron_chakram",2379,"Iron Chakram",250,"c:swords, minecraft:breaks_decorated_pots, c:tools, dynamiccrosshair:melee_weapons, minecraft:swords, simplyswords:iron_gear, simplyswords:swords, minecraft:tools"
"Unknown","simplyswords:iron_claymore",2376,"Iron Claymore",250,"c:swords, minecraft:breaks_decorated_pots, c:tools, dynamiccrosshair:melee_weapons, minecraft:swords, simplyswords:iron_gear, simplyswords:swords, minecraft:tools"
"Unknown","simplyswords:iron_cutlass",2375,"Iron Cutlass",250,"minecraft:breaks_decorated_pots, c:tools, c:swords, simplyswords:swords, minecraft:tools, minecraft:swords, spectral_seas:iron_weapon, simplyswords:iron_gear, dynamiccrosshair:melee_weapons"
"Unknown","simplyswords:iron_glaive",2373,"Iron Glaive",250,"c:swords, minecraft:breaks_decorated_pots, c:tools, dynamiccrosshair:melee_weapons, minecraft:swords, simplyswords:iron_gear, simplyswords:swords, minecraft:tools"
"Unknown","simplyswords:iron_greataxe",2378,"Iron Greataxe",250,"c:swords, minecraft:breaks_decorated_pots, c:tools, dynamiccrosshair:melee_weapons, minecraft:swords, simplyswords:iron_gear, simplyswords:swords, minecraft:tools"
"Unknown","simplyswords:iron_greathammer",2377,"Iron Greathammer",250,"c:swords, minecraft:breaks_decorated_pots, c:tools, dynamiccrosshair:melee_weapons, minecraft:swords, simplyswords:iron_gear, simplyswords:swords, minecraft:tools"
"Unknown","simplyswords:iron_halberd",2381,"Iron Halberd",250,"c:swords, minecraft:breaks_decorated_pots, c:tools, dynamiccrosshair:melee_weapons, minecraft:swords, simplyswords:iron_gear, simplyswords:swords, minecraft:tools"
"Unknown","simplyswords:iron_katana",2370,"Iron Katana",250,"c:swords, minecraft:breaks_decorated_pots, c:tools, dynamiccrosshair:melee_weapons, minecraft:swords, simplyswords:iron_gear, simplyswords:swords, minecraft:tools"
"Unknown","simplyswords:iron_longsword",2367,"Iron Longsword",250,"minecraft:breaks_decorated_pots, c:tools, c:swords, simplyswords:swords, minecraft:tools, minecraft:swords, spectral_seas:iron_weapon, simplyswords:iron_gear, dynamiccrosshair:melee_weapons"
"Unknown","simplyswords:iron_rapier",2369,"Iron Rapier",250,"minecraft:breaks_decorated_pots, c:tools, c:swords, simplyswords:swords, minecraft:tools, minecraft:swords, spectral_seas:iron_weapon, simplyswords:iron_gear, dynamiccrosshair:melee_weapons"
"Unknown","simplyswords:iron_sai",2371,"Iron Sai",250,"c:swords, minecraft:breaks_decorated_pots, c:tools, dynamiccrosshair:melee_weapons, minecraft:swords, simplyswords:iron_gear, simplyswords:swords, minecraft:tools"
"Unknown","simplyswords:iron_scythe",2380,"Iron Scythe",250,"c:swords, minecraft:breaks_decorated_pots, c:tools, dynamiccrosshair:melee_weapons, minecraft:swords, simplyswords:iron_gear, simplyswords:swords, minecraft:tools"
"Unknown","simplyswords:iron_spear",2372,"Iron Spear",250,"c:swords, minecraft:breaks_decorated_pots, c:tools, dynamiccrosshair:melee_weapons, minecraft:swords, simplyswords:iron_gear, simplyswords:swords, minecraft:tools"
"Unknown","simplyswords:iron_twinblade",2368,"Iron Twinblade",250,"c:swords, minecraft:breaks_decorated_pots, c:tools, dynamiccrosshair:melee_weapons, minecraft:swords, simplyswords:iron_gear, simplyswords:swords, minecraft:tools"
"Unknown","simplyswords:iron_warglaive",2374,"Iron Warglaive",250,"c:swords, minecraft:breaks_decorated_pots, c:tools, dynamiccrosshair:melee_weapons, minecraft:swords, simplyswords:iron_gear, simplyswords:swords, minecraft:tools"
"Unknown","simplyswords:livyatan",2459,"Livyatan",3270,"minecraft:breaks_decorated_pots, c:tools, c:swords, simplyswords:swords, simplyswords:uniques, minecraft:tools, minecraft:swords, simplyswords:conditional_uniques_type_1, dynamiccrosshair:melee_weapons"
"Unknown","simplyswords:magiblade",2486,"Magiblade",3270,"c:swords, minecraft:breaks_decorated_pots, simplyswords:uniques, c:tools, dynamiccrosshair:melee_weapons, minecraft:swords, simplyswords:swords, minecraft:tools"
"Unknown","simplyswords:magiscythe",2483,"Magiscythe",3270,"c:swords, minecraft:breaks_decorated_pots, simplyswords:uniques, c:tools, dynamiccrosshair:melee_weapons, minecraft:swords, simplyswords:swords, minecraft:tools"
"Unknown","simplyswords:magispear",2485,"Magispear",3270,"c:swords, minecraft:breaks_decorated_pots, simplyswords:uniques, c:tools, dynamiccrosshair:melee_weapons, minecraft:swords, simplyswords:swords, minecraft:tools"
"Unknown","simplyswords:mjolnir",2463,"Mjolnir",3270,"minecraft:breaks_decorated_pots, c:tools, c:swords, simplyswords:swords, simplyswords:uniques, minecraft:tools, minecraft:swords, simplyswords:conditional_uniques_type_1, dynamiccrosshair:melee_weapons"
"Unknown","simplyswords:molten_edge",2458,"Molten Edge",3270,"minecraft:breaks_decorated_pots, c:tools, c:swords, simplyswords:swords, simplyswords:uniques, minecraft:tools, minecraft:swords, simplyswords:conditional_uniques_type_1, dynamiccrosshair:melee_weapons"
"Unknown","simplyswords:netherite_chakram",2424,"Netherite Chakram",2031,"c:swords, minecraft:breaks_decorated_pots, c:tools, dynamiccrosshair:melee_weapons, minecraft:swords, simplyswords:swords, minecraft:tools, simplyswords:netherite_gear"
"Unknown","simplyswords:netherite_claymore",2421,"Netherite Claymore",2031,"c:swords, minecraft:breaks_decorated_pots, c:tools, dynamiccrosshair:melee_weapons, minecraft:swords, simplyswords:swords, minecraft:tools, simplyswords:netherite_gear"
"Unknown","simplyswords:netherite_cutlass",2420,"Netherite Cutlass",2031,"c:swords, minecraft:breaks_decorated_pots, c:tools, dynamiccrosshair:melee_weapons, minecraft:swords, simplyswords:swords, minecraft:tools, simplyswords:netherite_gear"
"Unknown","simplyswords:netherite_glaive",2418,"Netherite Glaive",2031,"c:swords, minecraft:breaks_decorated_pots, c:tools, dynamiccrosshair:melee_weapons, minecraft:swords, simplyswords:swords, minecraft:tools, simplyswords:netherite_gear"
"Unknown","simplyswords:netherite_greataxe",2423,"Netherite Greataxe",2031,"c:swords, minecraft:breaks_decorated_pots, c:tools, dynamiccrosshair:melee_weapons, minecraft:swords, simplyswords:swords, minecraft:tools, simplyswords:netherite_gear"
"Unknown","simplyswords:netherite_greathammer",2422,"Netherite Greathammer",2031,"c:swords, minecraft:breaks_decorated_pots, c:tools, dynamiccrosshair:melee_weapons, minecraft:swords, simplyswords:swords, minecraft:tools, simplyswords:netherite_gear"
"Unknown","simplyswords:netherite_halberd",2426,"Netherite Halberd",2031,"c:swords, minecraft:breaks_decorated_pots, c:tools, dynamiccrosshair:melee_weapons, minecraft:swords, simplyswords:swords, minecraft:tools, simplyswords:netherite_gear"
"Unknown","simplyswords:netherite_katana",2415,"Netherite Katana",2031,"c:swords, minecraft:breaks_decorated_pots, c:tools, dynamiccrosshair:melee_weapons, minecraft:swords, simplyswords:swords, minecraft:tools, simplyswords:netherite_gear"
"Unknown","simplyswords:netherite_longsword",2412,"Netherite Longsword",2031,"c:swords, minecraft:breaks_decorated_pots, c:tools, dynamiccrosshair:melee_weapons, minecraft:swords, simplyswords:swords, minecraft:tools, simplyswords:netherite_gear"
"Unknown","simplyswords:netherite_rapier",2414,"Netherite Rapier",2031,"c:swords, minecraft:breaks_decorated_pots, c:tools, dynamiccrosshair:melee_weapons, minecraft:swords, simplyswords:swords, minecraft:tools, simplyswords:netherite_gear"
"Unknown","simplyswords:netherite_sai",2416,"Netherite Sai",2031,"c:swords, minecraft:breaks_decorated_pots, c:tools, dynamiccrosshair:melee_weapons, minecraft:swords, simplyswords:swords, minecraft:tools, simplyswords:netherite_gear"
"Unknown","simplyswords:netherite_scythe",2425,"Netherite Scythe",2031,"c:swords, minecraft:breaks_decorated_pots, c:tools, dynamiccrosshair:melee_weapons, minecraft:swords, simplyswords:swords, minecraft:tools, simplyswords:netherite_gear"
"Unknown","simplyswords:netherite_spear",2417,"Netherite Spear",2031,"c:swords, minecraft:breaks_decorated_pots, c:tools, dynamiccrosshair:melee_weapons, minecraft:swords, simplyswords:swords, minecraft:tools, simplyswords:netherite_gear"
"Unknown","simplyswords:netherite_twinblade",2413,"Netherite Twinblade",2031,"c:swords, minecraft:breaks_decorated_pots, c:tools, dynamiccrosshair:melee_weapons, minecraft:swords, simplyswords:swords, minecraft:tools, simplyswords:netherite_gear"
"Unknown","simplyswords:netherite_warglaive",2419,"Netherite Warglaive",2031,"c:swords, minecraft:breaks_decorated_pots, c:tools, dynamiccrosshair:melee_weapons, minecraft:swords, simplyswords:swords, minecraft:tools, simplyswords:netherite_gear"
"Unknown","simplyswords:ribboncleaver",2481,"Ribboncleaver",3270,"minecraft:breaks_decorated_pots, c:tools, c:swords, simplyswords:swords, simplyswords:uniques, minecraft:tools, minecraft:swords, simplyswords:conditional_uniques_type_1, dynamiccrosshair:melee_weapons"
"Unknown","simplyswords:righteous_relic",2469,"Righteous Relic",3270,"c:swords, minecraft:breaks_decorated_pots, simplyswords:uniques, c:tools, dynamiccrosshair:melee_weapons, minecraft:swords, simplyswords:swords, minecraft:tools"
"Unknown","simplyswords:runic_chakram",2436,"Runic Chakram",2031,"c:swords, minecraft:breaks_decorated_pots, c:tools, dynamiccrosshair:melee_weapons, minecraft:swords, simplyswords:swords, simplyswords:runic_gear, minecraft:tools"
"Unknown","simplyswords:runic_claymore",2435,"Runic Claymore",2031,"c:swords, minecraft:breaks_decorated_pots, c:tools, dynamiccrosshair:melee_weapons, minecraft:swords, simplyswords:swords, simplyswords:runic_gear, minecraft:tools"
"Unknown","simplyswords:runic_cutlass",2434,"Runic Cutlass",2031,"c:swords, minecraft:breaks_decorated_pots, c:tools, dynamiccrosshair:melee_weapons, minecraft:swords, simplyswords:swords, simplyswords:runic_gear, minecraft:tools"
"Unknown","simplyswords:runic_glaive",2433,"Runic Glaive",2031,"c:swords, minecraft:breaks_decorated_pots, c:tools, dynamiccrosshair:melee_weapons, minecraft:swords, simplyswords:swords, simplyswords:runic_gear, minecraft:tools"
"Unknown","simplyswords:runic_greataxe",2437,"Runic Greataxe",2031,"c:swords, minecraft:breaks_decorated_pots, c:tools, dynamiccrosshair:melee_weapons, minecraft:swords, simplyswords:swords, simplyswords:runic_gear, minecraft:tools"
"Unknown","simplyswords:runic_greathammer",2438,"Runic Greathammer",2031,"c:swords, minecraft:breaks_decorated_pots, c:tools, dynamiccrosshair:melee_weapons, minecraft:swords, simplyswords:swords, simplyswords:runic_gear, minecraft:tools"
"Unknown","simplyswords:runic_halberd",2441,"Runic Halberd",2031,"c:swords, minecraft:breaks_decorated_pots, c:tools, dynamiccrosshair:melee_weapons, minecraft:swords, simplyswords:swords, simplyswords:runic_gear, minecraft:tools"
"Unknown","simplyswords:runic_katana",2430,"Runic Katana",2031,"c:swords, minecraft:breaks_decorated_pots, c:tools, dynamiccrosshair:melee_weapons, minecraft:swords, simplyswords:swords, simplyswords:runic_gear, minecraft:tools"
"Unknown","simplyswords:runic_longsword",2427,"Runic Longsword",2031,"c:swords, minecraft:breaks_decorated_pots, c:tools, dynamiccrosshair:melee_weapons, minecraft:swords, simplyswords:swords, simplyswords:runic_gear, minecraft:tools"
"Unknown","simplyswords:runic_rapier",2429,"Runic Rapier",2031,"c:swords, minecraft:breaks_decorated_pots, c:tools, dynamiccrosshair:melee_weapons, minecraft:swords, simplyswords:swords, simplyswords:runic_gear, minecraft:tools"
"Unknown","simplyswords:runic_sai",2431,"Runic Sai",2031,"c:swords, minecraft:breaks_decorated_pots, c:tools, dynamiccrosshair:melee_weapons, minecraft:swords, simplyswords:swords, simplyswords:runic_gear, minecraft:tools"
"Unknown","simplyswords:runic_scythe",2440,"Runic Scythe",2031,"c:swords, minecraft:breaks_decorated_pots, c:tools, dynamiccrosshair:melee_weapons, minecraft:swords, simplyswords:swords, simplyswords:runic_gear, minecraft:tools"
"Unknown","simplyswords:runic_spear",2432,"Runic Spear",2031,"c:swords, minecraft:breaks_decorated_pots, c:tools, dynamiccrosshair:melee_weapons, minecraft:swords, simplyswords:swords, simplyswords:runic_gear, minecraft:tools"
"Unknown","simplyswords:runic_twinblade",2428,"Runic Twinblade",2031,"c:swords, minecraft:breaks_decorated_pots, c:tools, dynamiccrosshair:melee_weapons, minecraft:swords, simplyswords:swords, simplyswords:runic_gear, minecraft:tools"
"Unknown","simplyswords:runic_warglaive",2439,"Runic Warglaive",2031,"c:swords, minecraft:breaks_decorated_pots, c:tools, dynamiccrosshair:melee_weapons, minecraft:swords, simplyswords:swords, simplyswords:runic_gear, minecraft:tools"
"Unknown","simplyswords:shadowsting",2467,"Shadowsting",3270,"minecraft:breaks_decorated_pots, c:tools, c:swords, simplyswords:swords, simplyswords:uniques, minecraft:tools, minecraft:swords, simplyswords:conditional_uniques_type_1, dynamiccrosshair:melee_weapons"
"Unknown","simplyswords:slumbering_lichblade",2464,"Slumbering Lichblade",3270,"minecraft:breaks_decorated_pots, c:tools, c:swords, simplyswords:swords, simplyswords:uniques, minecraft:tools, minecraft:swords, simplyswords:conditional_uniques_type_1, dynamiccrosshair:melee_weapons"
"Unknown","simplyswords:soulkeeper",2452,"Soulkeeper",3270,"minecraft:breaks_decorated_pots, c:tools, c:swords, simplyswords:swords, simplyswords:uniques, minecraft:tools, minecraft:swords, simplyswords:conditional_uniques_type_1, dynamiccrosshair:melee_weapons"
"Unknown","simplyswords:soulpyre",2456,"Soul Pyre",3270,"minecraft:breaks_decorated_pots, c:tools, c:swords, simplyswords:swords, simplyswords:uniques, minecraft:tools, minecraft:swords, simplyswords:conditional_uniques_type_1, dynamiccrosshair:melee_weapons"
"Unknown","simplyswords:soulrender",2455,"Soulrender",3270,"minecraft:breaks_decorated_pots, c:tools, c:swords, simplyswords:swords, simplyswords:uniques, minecraft:tools, minecraft:swords, simplyswords:conditional_uniques_type_1, dynamiccrosshair:melee_weapons"
"Unknown","simplyswords:soulstealer",2454,"Soulstealer",3270,"minecraft:breaks_decorated_pots, c:tools, c:swords, simplyswords:swords, simplyswords:uniques, minecraft:tools, minecraft:swords, simplyswords:conditional_uniques_type_1, dynamiccrosshair:melee_weapons"
"Unknown","simplyswords:stars_edge",2477,"Star's Edge",3270,"minecraft:breaks_decorated_pots, c:tools, c:swords, simplyswords:swords, simplyswords:uniques, minecraft:tools, minecraft:swords, simplyswords:conditional_uniques_type_1, dynamiccrosshair:melee_weapons"
"Unknown","simplyswords:stormbringer",2445,"Stormbringer",3270,"minecraft:breaks_decorated_pots, c:tools, c:swords, simplyswords:swords, simplyswords:uniques, minecraft:tools, minecraft:swords, simplyswords:conditional_uniques_type_1, dynamiccrosshair:melee_weapons"
"Unknown","simplyswords:storms_edge",2444,"Storm's Edge",3270,"minecraft:breaks_decorated_pots, c:tools, c:swords, simplyswords:swords, simplyswords:uniques, minecraft:tools, minecraft:swords, simplyswords:conditional_uniques_type_1, dynamiccrosshair:melee_weapons"
"Unknown","simplyswords:sunfire",2471,"Sunfire",3270,"c:swords, minecraft:breaks_decorated_pots, simplyswords:uniques, c:tools, dynamiccrosshair:melee_weapons, minecraft:swords, simplyswords:swords, minecraft:tools"
"Unknown","simplyswords:sword_on_a_stick",2446,"Sword on a Stick",59,"minecraft:breaks_decorated_pots, minecraft:tools, dynamiccrosshair:melee_weapons, c:tools, minecraft:swords, simplyswords:swords, c:swords"
"Unknown","simplyswords:tainted_relic",2470,"Tainted Relic",3270,"c:swords, minecraft:breaks_decorated_pots, simplyswords:uniques, c:tools, dynamiccrosshair:melee_weapons, minecraft:swords, simplyswords:swords, minecraft:tools"
"Unknown","simplyswords:tempest",2479,"Tempest",3270,"minecraft:breaks_decorated_pots, c:tools, c:swords, simplyswords:swords, simplyswords:uniques, minecraft:tools, minecraft:swords, simplyswords:conditional_uniques_type_1, dynamiccrosshair:melee_weapons"
"Unknown","simplyswords:thunderbrand",2462,"Thunderbrand",3270,"minecraft:breaks_decorated_pots, c:tools, c:swords, simplyswords:swords, simplyswords:uniques, minecraft:tools, minecraft:swords, simplyswords:conditional_uniques_type_1, dynamiccrosshair:melee_weapons"
"Unknown","simplyswords:toxic_longsword",2449,"Longsword of the Plague",3270,"minecraft:breaks_decorated_pots, c:tools, c:swords, simplyswords:swords, simplyswords:uniques, minecraft:tools, minecraft:swords, simplyswords:conditional_uniques_type_1, dynamiccrosshair:melee_weapons"
"Unknown","simplyswords:twisted_blade",2453,"Twisted Blade",3270,"minecraft:breaks_decorated_pots, c:tools, c:swords, simplyswords:swords, simplyswords:uniques, minecraft:tools, minecraft:swords, simplyswords:conditional_uniques_type_1, dynamiccrosshair:melee_weapons"
"Unknown","simplyswords:waking_lichblade",2465,"Waking Lichblade",3270,"c:swords, minecraft:breaks_decorated_pots, simplyswords:uniques, c:tools, dynamiccrosshair:melee_weapons, minecraft:swords, simplyswords:swords, minecraft:tools"
"Unknown","simplyswords:watcher_claymore",2443,"The Watcher",3270,"minecraft:breaks_decorated_pots, c:tools, c:swords, simplyswords:swords, simplyswords:uniques, minecraft:tools, minecraft:swords, simplyswords:conditional_uniques_type_1, dynamiccrosshair:melee_weapons"
"Unknown","simplyswords:watching_warglaive",2448,"Watching Warglaive",3270,"minecraft:breaks_decorated_pots, c:tools, c:swords, simplyswords:swords, simplyswords:uniques, minecraft:tools, minecraft:swords, simplyswords:conditional_uniques_type_1, dynamiccrosshair:melee_weapons"
"Unknown","simplyswords:waxweaver",2475,"Waxweaver",3270,"minecraft:breaks_decorated_pots, c:tools, c:swords, simplyswords:swords, simplyswords:uniques, minecraft:tools, minecraft:swords, simplyswords:conditional_uniques_type_1, dynamiccrosshair:melee_weapons"
"Unknown","simplyswords:whisperwind",2473,"Whisperwind",3270,"minecraft:breaks_decorated_pots, c:tools, c:swords, simplyswords:swords, simplyswords:uniques, minecraft:tools, minecraft:swords, simplyswords:conditional_uniques_type_1, dynamiccrosshair:melee_weapons"
"Unknown","simplyswords:wickpiercer",2478,"Wickpiercer",3270,"minecraft:breaks_decorated_pots, c:tools, c:swords, simplyswords:swords, simplyswords:uniques, minecraft:tools, minecraft:swords, simplyswords:conditional_uniques_type_1, dynamiccrosshair:melee_weapons"
"Unknown","supplementaries:bamboo_spikes_tipped",4296,"Bamboo Spikes of Uncraftable tipped arrow",16,""
"Unknown","supplementaries:bubble_blower",4178,"Bubble Blower",250,""
"Unknown","supplementaries:flute",4181,"Flute",64,""
"Unknown","supplementaries:rope_arrow",4177,"Rope Arrow",32,"minecraft:arrows"
"Unknown","supplementaries:slingshot",4179,"Slingshot",192,""
"Unknown","supplementaries:wrench",4185,"Wrench",200,"supplementaries:statue_tools"
"Unknown","tridents_n_stuff:ancient_trident",4130,"Ancient Trident",2031,"tridents_n_stuff:upgraded_tridents"
"Unknown","tridents_n_stuff:diamond_spear",4142,"Diamond Spear",1561,"spectral_seas:diamond_weapon"
"Unknown","tridents_n_stuff:echo_of_the_deep",4121,"Echo of the Deep",2250,"tridents_n_stuff:unique_tridents"
"Unknown","tridents_n_stuff:farshot_trident",4133,"Farshot Trident",350,"tridents_n_stuff:upgraded_tridents"
"Unknown","tridents_n_stuff:frenzied_trident",4129,"Frenzied Trident",350,"tridents_n_stuff:upgraded_tridents"
"Unknown","tridents_n_stuff:golden_spear",4141,"Golden Spear",32,""
"Unknown","tridents_n_stuff:harpoon_launcher",4134,"Harpoon Launcher",325,""
"Unknown","tridents_n_stuff:holy_trident",4132,"Holy Trident",350,"tridents_n_stuff:upgraded_tridents"
"Unknown","tridents_n_stuff:iron_spear",4140,"Iron Spear",250,"spectral_seas:iron_weapon"
"Unknown","tridents_n_stuff:netherite_spear",4143,"Netherite Spear",2031,""
"Unknown","tridents_n_stuff:oceanic_trident",4131,"Oceanic Trident",350,"tridents_n_stuff:upgraded_tridents"
"Unknown","tridents_n_stuff:sanguine_bond",4123,"Sanguine Bond",2250,"tridents_n_stuff:unique_tridents"
"Unknown","tridents_n_stuff:slumbering_trident",4118,"Slumbering Trident",650,"tridents_n_stuff:unique_tridents"
"Unknown","tridents_n_stuff:stellaris",4122,"Stellaris",2250,"tridents_n_stuff:unique_tridents"
"Unknown","tridents_n_stuff:stone_spear",4139,"Stone Spear",131,""
"Unknown","tridents_n_stuff:stormseeker",4119,"Stormseeker",2250,"tridents_n_stuff:unique_tridents"
"Unknown","tridents_n_stuff:the_desecrator",4120,"The Desecrator",2250,"tridents_n_stuff:unique_tridents"
"Unknown","tridents_n_stuff:wooden_spear",4138,"Wooden Spear",59,""
"Unknown","vc_gliders:paraglider_diamond",4147,"Diamond Glider",300,"curios:glider, trinkets:chest/back, trinkets:chest/cape"
"Unknown","vc_gliders:paraglider_gold",4146,"Gold Glider",200,"curios:glider, trinkets:chest/back, trinkets:chest/cape"
"Unknown","vc_gliders:paraglider_iron",4145,"Iron Glider",100,"curios:glider, trinkets:chest/back, trinkets:chest/cape"
"Unknown","vc_gliders:paraglider_netherite",4148,"Netherite Glider",500,"curios:glider, trinkets:chest/back, trinkets:chest/cape"
"Unknown","vc_gliders:paraglider_wood",4144,"Basic Glider",50,"curios:glider, trinkets:chest/back, trinkets:chest/cape"
